id,name,model_id:id,group_id:id,perm_read,perm_write,perm_create,perm_unlink
access_order_setoran,access.order.setoran,order_setoran.model_order_setoran,group_order_setoran,1,1,1,1
access_detail_order,access.detail.order,order_setoran.model_detail_order,group_order_setoran,1,1,1,1
access_detail_list_uang_jalan,access.detail.list.uang.jalan,order_setoran.model_detail_list_uang_jalan,group_order_setoran,1,1,1,1
access_detail_list_pembelian,access.detail.list.pembelian,order_setoran.model_detail_list_pembelian,group_order_setoran,1,1,1,1
access_detail_biaya_fee,access.detail.biaya.fee,order_setoran.model_detail_biaya_fee,group_order_setoran,1,1,1,1
access_konfigurasi_account_setoran,access.konfigurasi.account.setoran,order_setoran.model_konfigurasi_account_setoran,group_order_setoran,1,1,1,1

access_oper_setoran,access.oper.setoran,order_setoran.model_oper_setoran,group_order_setoran,1,1,1,1
access_detail_order_setoran,access.detail.order.setoran,order_setoran.model_detail_order_setoran,group_order_setoran,1,1,1,1
access_list_oper_order_setoran,access.list.oper.order.setoran,order_setoran.model_list_oper_order_setoran,group_order_setoran,1,1,1,1
access_list_pembelian_setoran,access.list.pembelian.setoran,order_setoran.model_list_pembelian_setoran,group_order_setoran,1,1,1,1
access_biaya_fee_setoran,access.biaya.fee.setoran,order_setoran.model_biaya_fee_setoran,group_order_setoran,1,1,1,1

access_account_invoice_payment,access.account.invoice.payment,order_setoran.model_account_invoice_payment,group_order_setoran,1,1,1,1
access_account_invoice_payment_line,access.account.invoice.payment.line,order_setoran.model_account_invoice_payment_line,group_order_setoran,1,1,1,1

access_account_invoice_oper_payment,access.account.invoice.oper.payment,order_setoran.model_account_invoice_oper_payment,group_order_setoran,1,1,1,1
access_account_invoice_oper_payment_line,access.account.invoice.oper.payment.line,order_setoran.model_account_invoice_oper_payment_line,group_order_setoran,1,1,1,1



access_detail_total_pengeluaran,access.detail.total.pengeluaran,order_setoran.model_detail_total_pengeluaran,group_order_setoran,1,1,1,1
