<?xml version="1.0" encoding="utf-8"?>
<odoo>
    <!-- Group Category -->
    <record model="ir.module.category" id="kasbon_karyawan.module_kasbon_karyawan">
        <field name="name">Kasbon Karyawan</field>
        <field name="sequence">20</field>
    </record>

    <!-- Group -->
    <!-- Kasbon Karyawan Full -->
        <record model="res.groups" id ="group_kasbon_karyawan">
            <field name="name">Kasbon Karyawan</field>
            <field name="category_id" ref="kasbon_karyawan.module_kasbon_karyawan"/>
        </record>

    <!-- Record rules -->
        <!-- Multi-company : Konfigurasi Kasbon Karyawan -->
        <record model="ir.rule" id="konfigurasi_kasbon_multicompany_rule">
            <field name="name">Konfigurasi Kasbon Multi-Company rule</field>
            <field name="model_id" search="[('model','=','kasbon.karyawan')]" model="ir.model"/>
            <field name="domain_force">[('company_id', 'in', company_ids)]</field>
        </record>
</odoo>